;full_id;species;clade;foraging;keel;minelev;maxelev;avelev;bmass;habitat;habitat.density;migration;Min.Latitude;Max.Latitude;Centroid.Latitude;Centroid.Longitude;Range.Size
1;Aces bomb bee opp IMG 1555 076;Aces bomb;bee;opp;14.35;0;3000;1500;6.5;Forest;2;1;-8.71;1.82;-2.45;-78.91;174135.57
2;Adel mela coq tra IMG 1286 052;Adel mela;coq;tra;16.1;900;2900;1900;4.9;Forest;1;1;-23.59;11.39;-4.42;-73.58;620219.31
3;Amaz amaz eme ter IMG 1270 050;Amaz amaz;eme;ter;21.68;0;2700;1350;4.3;Shrubland;2;1;-15.53;1.08;-6.41;-79.11;169380.82
4;Amaz cand eme tra IMG 1236 047;Amaz cand;eme;tra;19.65;0;1500;750;3.8;Forest;1;1;12.3;21.86;17.27;-90.34;429525.06
5;Amaz chio eme opp IMG 1230 044;Amaz chio;eme;opp;20.89;450;3500;1975;5;Shrubland;2;1;-30.21;-5.21;-16.28;-69.48;488801.52
6;Amaz lact eme ter IMG 1242 048;Amaz lact;eme;ter;22.14;0;1400;700;4.6;Forest;2;1;-26.65;7.3;-16.73;-46.95;1652691.14
7;Amaz yuca eme ter IMG 1260 049;Amaz yuca;eme;ter;20.92;0;1500;750;3.9;Woodland;2;1;16.7;28.03;20.35;-93.59;395059.16
8;Anth domi man ter IMG 1145 023;Anth domi;man;ter;21.6;0;800;400;5.8;Shrubland;2;1;17.47;20.09;18.91;-71.28;75252.82
9;Arch alex bee opp IMG 1528 075;Arch alex;bee;opp;16.32;0;2000;1000;3.4;Forest;2;3;25.5;50.68;36.81;-111.12;2369566.67
10;Bois matt bri ter IMG 1414 060;Bois matt;bri;ter;24.61;1200;3300;2250;7.7;Forest;1;1;-13.61;0.89;-7.46;-76.59;127445.48
11;Camp vill eme opp IMG 1128 022;Camp vill;eme;opp;24.66;780;1800;1290;7.4;Forest;1;1;-6.08;1.75;-2.2;-77.91;36504.59
12;Chal herr coq ter IMG 1473 070;Chal herr;coq;ter;21.12;2450;4000;3225;5.8;Grassland;3;1;-5.36;4.72;-0.19;-77.87;75956.84
13;Chal rufi coq ter IMG 1481 071;Chal rufi;coq;ter;17.34;1400;3800;2600;3.4;Forest;1;1;-17.69;-3.93;-11.97;-72.98;123503.39
14;Chlo cani eme tra IMG 1166 028;Chlo cani;eme;tra;14.27;0;1900;950;2.6;Forest;2;1;9.55;23.75;16.98;-90.58;577326.32
15;Chry oeno eme opp IMG 1209 037;Chry oeno;eme;opp;21.55;0;1700;850;5;Forest;1;1;-17.43;11.3;-4.42;-73.08;1336265.93
16;Coel coel bri tra IMG 1355 056;Coel coel;bri;tra;24.38;400;2600;1500;6.8;Forest;1;1;-18.06;11.22;-2.05;-73.45;384714.87
17;Coel lute bri tra IMG 1366 057;Coel lute;bri;tra;23.23;2600;3700;3150;7.3;Forest;1;1;-5.15;5.35;0.2;-77.62;63339.37
18;Damo juli eme ter IMG 1194 032;Damo juli;eme;ter;33.39;0;1800;900;3.3;Forest;1;1;-4.06;11.31;6.13;-76.33;289656.61
19;Dory joha man tra IMG 1095 020;Dory joha;man;tra;17.92;280;1800;1040;4.8;Forest;1;1;-10.71;7.28;1.49;-69.26;459646.35
20;Dory ludo man tra IMG 1103 021;Dory ludo;man;tra;22.54;500;3200;1850;6;Forest;1;1;-17.25;10.47;-2.45;-74.65;387149.16
21;Elvi chio eme opp IMG 1279 051;Elvi chio;eme;opp;15.45;1000;1700;1350;3;Forest;1;1;8.35;9.75;8.92;-82.67;9597.91
22;Erio alin bri opp IMG 1445 066;Erio alin;bri;opp;17.91;1000;2700;1850;4.2;Forest;1;1;-9.19;5.17;-2.89;-76.93;68344.27
23;Erio luci bri ter IMG 1440 064;Erio luci;bri;ter;23.18;2800;4800;3800;6;Forest;2;1;-3.06;8.58;-0.78;-78.41;37958.04
24;Erio vest bri ter IMG 1437 063;Erio vest;bri;ter;20.12;2300;3850;3075;4.5;Forest;2;1;-5.7;9.1;1.26;-76.42;97851.28
25;Euto cond her tra IMG 1087 019;Euto cond;her;tra;25.81;0;2750;1375;10.8;Forest;1;1;-15.53;1.69;-7.72;-75.18;368098.4
26;Glau aene her opp IMG 0989 001;Glau aene;her;opp;20.82;0;1500;750;4.8;Forest;1;1;-0.72;15.98;8.77;-81.78;170965
27;Glau hirs her opp IMG 0993 002;Glau hirs;her;opp;24.37;0;1800;900;6.8;Forest;1;1;-24.03;12.23;-4.08;-62.8;7820159.95
28;Heli amet coq ter IMG 1426 062;Heli amet;coq;ter;20.02;1600;3700;2650;5;Forest;1;1;-17.9;-2.33;-11.52;-73.54;145627.84
29;Heli bran bri opp IMG 1315 055;Heli bran;bri;opp;23.1;650;1700;1175;5.2;Forest;1;1;-13.61;-7.02;-10.98;-74.11;126780.84
30;Heli exor coq ter IMG 1418 061;Heli exor;coq;ter;20.13;2000;3300;2650;4.6;Forest;1;1;-2.14;7.21;3.29;-76.06;64064.87
31;Heli lead bri opp IMG 1302 054;Heli lead;bri;opp;23.25;900;2400;1650;7.4;Forest;1;1;-17.95;11.22;-1.61;-73.44;409940.21
32;Hylo chry eme opp IMG 1197 033;Hylo chry;eme;opp;18.99;200;1000;600;4.5;Forest;2;1;-35.91;-12.15;-23.13;-57.87;3128401.38
33;Hylo leuc eme opp IMG 1204 034;Hylo leuc;eme;opp;17.28;1200;3500;2350;4.7;Woodland;2;1;-19.1;10.27;-0.39;-49.16;322459.95
34;Klai guim eme opp IMG 1152 024;Klai guim;eme;opp;15.98;0;1900;950;2.6;Forest;1;1;-16.86;15.44;-0.91;-76.59;471433.43
35;Lesb vict coq opp IMG 1461 068;Lesb vict;coq;opp;15.73;2300;4100;3200;5;Shrubland;2;1;-14.33;7.29;-6.52;-75.9;197489.26
36;Leuc baer eme opp IMG 1215 040;Leuc baer;eme;opp;18.97;0;800;400;4.5;Shrubland;2;1;-6.61;-3.37;-4.98;-80.52;38502.33
37;Leuc chlo eme opp IMG 1221 042;Leuc chlo;eme;opp;17.55;0;400;200;4.6;Shrubland;1;1;-8.65;-0.19;-3.62;-70.16;173795.89
38;Leuc tacz eme opp IMG 1214 039;Leuc tacz;eme;opp;20.42;350;2800;1575;6.4;Shrubland;2;1;-10.49;-5.02;-7.25;-78.1;86686.52
39;Loph dela coq tra IMG 1159 027;Loph dela;coq;tra;15.11;500;2200;1350;2.8;Human Modified;2;1;-17.9;9.64;-8.2;-72.7;223133.32
40;Meta phoe coq ter IMG 1384 058;Meta phoe;coq;ter;23.35;1500;4500;3000;5.4;Shrubland;2;1;-18.06;-6.68;-12.59;-74.95;142044.52
41;Meta tyri coq ter IMG 1405 059;Meta tyri;coq;ter;17.66;1500;4200;2850;3.8;Forest;1;1;-18.07;11.05;-5.15;-74.34;422575.2
42;Ocre unde bri ter IMG 1458 067;Ocre unde;bri;ter;14.6;600;4000;2300;3;Forest;1;1;-17.74;11.28;-2.66;-74.11;385599.41
43;Orth cris eme opp IMG 1154 026;Orth cris;eme;opp;14.53;0;500;250;3;Human Modified;2;1;11.99;18.76;15.7;-62.02;7736.3
44;Pant insi gem ter IMG 1186 031;Pant insi;gem;ter;18.93;1600;3200;2400;5.7;Forest;1;1;8.76;10.79;9.58;-83.55;8271.57
45;Phae bour her tra IMG 1028 009;Phae bour;her;tra;17.6;0;1600;800;4.3;Forest;1;1;-11.21;6.92;-0.34;-64.77;2982755.21
46;Phae hisp her tra IMG 1065 017;Phae hisp;her;tra;18.86;0;1200;600;5;Forest;1;1;-18.43;8.71;-5.41;-67.36;4008483.06
47;Phae koep her tra IMG 1055 015;Phae koep;her;tra;20.27;270;1130;700;5;Forest;1;1;-13.75;-4.54;-10.14;-74.37;112547.48
48;Phae pret her tra IMG 1011 007;Phae pret;her;tra;18.13;400;2100;1250;5.6;Woodland;2;1;-26.31;-3.43;-16.56;-50.49;3736605.66
49;Phae stri her tra IMG 1013 008;Phae stri;her;tra;11.37;0;1600;800;3;Forest;1;1;-3.56;19.34;10.6;-82.36;764879.78
50;Phae subo her tra IMG 1009 006;Phae subo;her;tra;15.92;150;800;475;3.8;Woodland;2;1;-21.6;-13.93;-16.96;-61.42;338446.17
51;Phae supe her tra IMG 1036 012;Phae supe;her;tra;19.67;0;700;350;6.3;Forest;1;1;-10.45;8.63;0.35;-57.01;2562623.83
52;Phae yaru her tra IMG 1073 018;Phae yaru;her;tra;18.67;0;2000;1000;5.4;Forest;1;1;-3.69;7.87;2.89;-78;119931.58
53;Poly guai man opp IMG 1219 041;Poly guai;man;opp;21.43;0;600;300;5.2;Grassland;3;1;-27.76;10.84;-9.69;-53.27;4835885.75
54;Sapp spar coq ter IMG 1464 069;Sapp spar;coq;ter;19.99;1500;4000;2750;5.3;Shrubland;2;1;-33.47;-16.21;-26.26;-65.94;409731.95
55;Schi geof man opp IMG 1493 073;Schi geof;man;opp;16.34;800;2500;1650;3.6;Forest;1;1;-17.5;11.12;-4.42;-73.53;546183.79
56;Sela rufu bee ter IMG 1569 077;Sela rufu;bee;ter;16.47;0;2260;1130;3.5;Forest;2;1;41.87;61.63;51.14;-123.62;1526769.21
57;Sela torr bee opp IMG 1571 078;Sela torr;bee;opp;14.2;1800;3500;2650;2.7;Grassland;2;1;8.76;10.26;9.45;-83.38;4598.21
58;Thal furc eme opp IMG 1182 029;Thal furc;eme;opp;17.95;0;1800;900;4.2;Forest;1;1;-27.76;10.77;-8.85;-58.18;11225568.61
59;Thau cora bee ter IMG 1517 074;Thau cora;bee;ter;13.84;0;2800;1400;1.9;Shrubland;2;2;-18.59;-4.11;-11.99;-75.99;172105.92
60;Thre leuc her tra IMG 0999 004;Thre leuc;her;tra;22.39;0;850;425;5.6;Forest;1;1;-17.19;8.65;-3.31;-64.7;5242776.84
61;Thre ruck her tra IMG 1004 005;Thre ruck;her;tra;22.94;0;1200;600;5.2;Forest;1;1;-3.64;16.61;8.09;-78.78;482644.97
62;Uros benj bri opp IMG 1290 053;Uros benj;bri;opp;18.33;700;1600;1150;3.9;Forest;1;1;-0.18;5.56;2.65;-77.25;17377.94
63;Agla king coq opp IMG 1486 093;Agla king;coq;opp;18.9;900;3000;1950;4.8;Forest;2;1;-17.62;11.35;-2.03;-73.68;267748.93
64;Amaz cyan eme opp IMG 1252 086;Amaz cyan;eme;opp;23.97;300;2400;1350;5.1;Forest;1;1;12.65;23.77;16.4;-91.3;304040.65
65;Amaz sauc eme ter IMG 1249 085;Amaz sauc;eme;ter;20.38;0;2000;1000;4.5;Shrubland;2;1;0.81;12.81;8.68;-77.04;245059.3
66;Call evel bee ter IMG 1513 095;Call evel;bee;ter;13.33;0;500;250;2.4;Human Modified;2;1;21.18;27.23;24.57;-76.85;12175.66
67;Caly anna bee ter IMG 1536 096;Caly anna;bee;ter;18.13;0;1800;900;4.2;Woodland;2;2;28.86;49.69;37.61;-118.56;493015.73
68;Chal buff eme opp IMG 1278 087;Chal buff;eme;opp;22.3;0;2000;1000;6.8;Forest;1;1;1.46;12.46;8.2;-73.48;503108.33
69;Chal stan coq ter IMG 1476 092;Chal stan;coq;ter;19.15;2200;4500;3350;5.8;Grassland;3;1;-17.18;0.67;-10.13;-73.98;120440.27
70;Chlo aure eme opp IMG 1167 082;Chlo aure;eme;opp;16.87;0;3500;1750;2.6;Shrubland;2;1;15.65;26.21;19.6;-102.22;206600.43
71;Chlo nota eme ter IMG 1155 081;Chlo nota;eme;ter;18.18;0;500;250;4.2;Forest;3;1;-23.01;10.84;-1.6;-59.99;4700543.44
72;Coli cyan man opp IMG 1133 080;Coli cyan;man;opp;19.82;900;3300;2100;5.9;Forest;2;1;-17.81;22.79;6.27;-83.03;788433.25
73;Euph exim eme opp IMG 1280 088;Euph exim;eme;opp;18.06;800;2500;1650;4.3;Forest;1;1;8.36;19.05;14.76;-88.95;174512.43
74;Goet bell eme opp IMG 1199 084;Goet bell;eme;opp;16.88;600;1500;1050;3.4;Forest;1;1;7.41;8.08;7.76;-77.84;1893.25
75;Heli aure bri tra IMG 1292 089;Heli aure;bri;tra;24.46;0;1400;700;6.4;Forest;1;1;-16.66;6.83;-5.02;-66.79;3600288.83
76;Heli long gem opp IMG 1501 094;Heli long;gem;opp;22.83;0;1500;750;6.6;Forest;1;1;-17.07;18.73;-2.32;-64.89;8290213.63
77;Lafr lafr bri ter IMG 1346 090;Lafr lafr;bri;ter;21.79;1800;3600;2700;5.3;Forest;1;1;-14.83;11.15;-3.12;-75.93;312941.28
78;Phae phil her tra IMG 1063 079;Phae phil;her;tra;19.34;0;325;162.5;5;Forest;1;1;-13.91;-2.47;-7.46;-66.3;1596505.84
79;Pter cyan bri opp IMG 1352 091;Pter cyan;bri;opp;24.11;2600;3700;3150;9.3;Forest;2;1;-17.85;7.44;-5.4;-74.94;232571.39
80;Thal colo eme ter IMG 1176 083;Thal colo;eme;ter;20.09;0;2000;1000;4.5;Forest;1;1;-4.11;16.12;8.41;-78.05;601646.16
