;full_id;species;clade;foraging;maxelev;bmass;Centroid.Latitude;Range.Size
1;Aces bomb bee opp;Aces bomb;bee;opp;3000;6,5;-2,45;174135,57
2;Adel mela coq tra;Adel mela;coq;tra;2900;4,9;-4,42;620219,31
3;Amaz amaz eme ter;Amaz amaz;eme;ter;2700;4,3;-6,41;169380,82
4;Amaz cand eme tra;Amaz cand;eme;tra;1500;3,8;17,27;429525,06
5;Amaz chio eme opp;Amaz chio;eme;opp;3500;5;-16,28;488801,52
6;Amaz lact eme ter;Amaz lact;eme;ter;1400;4,6;-16,73;1652691,14
7;Amaz yuca eme ter;Amaz yuca;eme;ter;1500;3,9;20,35;395059,16
8;Anth domi man ter;Anth domi;man;ter;800;5,8;18,91;75252,82
9;Arch alex bee opp;Arch alex;bee;opp;2000;3,4;36,81;2369566,67
10;Bois matt bri ter;Bois matt;bri;ter;3300;7,7;-7,46;127445,48
11;Camp vill eme opp;Camp vill;eme;opp;1800;7,4;-2,2;36504,59
12;Chal herr coq ter;Chal herr;coq;ter;4000;5,8;-0,19;75956,84
13;Chal rufi coq ter;Chal rufi;coq;ter;3800;3,4;-11,97;123503,39
14;Chlo cani eme tra;Chlo cani;eme;tra;1900;2,6;16,98;577326,32
15;Chry oeno eme opp;Chry oeno;eme;opp;1700;5;-4,42;1336265,93
16;Coel coel bri tra;Coel coel;bri;tra;2600;6,8;-2,05;384714,87
17;Coel lute bri tra;Coel lute;bri;tra;3700;7,3;0,2;63339,37
18;Damo juli eme ter;Damo juli;eme;ter;1800;3,3;6,13;289656,61
19;Dory joha man tra;Dory joha;man;tra;1800;4,8;1,49;459646,35
20;Dory ludo man tra;Dory ludo;man;tra;3200;6;-2,45;387149,16
21;Elvi chio eme opp;Elvi chio;eme;opp;1700;3;8,92;9597,91
22;Erio alin bri opp;Erio alin;bri;opp;2700;4,2;-2,89;68344,27
23;Erio luci bri ter;Erio luci;bri;ter;4800;6;-0,78;37958,04
24;Erio vest bri ter;Erio vest;bri;ter;3850;4,5;1,26;97851,28
25;Euto cond her tra;Euto cond;her;tra;2750;10,8;-7,72;368098,4
26;Glau aene her opp;Glau aene;her;opp;1500;4,8;8,77;170965
27;Glau hirs her opp;Glau hirs;her;opp;1800;6,8;-4,08;7820159,95
28;Heli amet coq ter;Heli amet;coq;ter;3700;5;-11,52;145627,84
29;Heli bran bri opp;Heli bran;bri;opp;1700;5,2;-10,98;126780,84
30;Heli exor coq ter;Heli exor;coq;ter;3300;4,6;3,29;64064,87
31;Heli lead bri opp;Heli lead;bri;opp;2400;7,4;-1,61;409940,21
32;Hylo chry eme opp;Hylo chry;eme;opp;1000;4,5;-23,13;3128401,38
33;Hylo leuc eme opp;Hylo leuc;eme;opp;3500;4,7;-0,39;322459,95
34;Klai guim eme opp;Klai guim;eme;opp;1900;2,6;-0,91;471433,43
35;Lesb vict coq opp;Lesb vict;coq;opp;4100;5;-6,52;197489,26
36;Leuc baer eme opp;Leuc baer;eme;opp;800;4,5;-4,98;38502,33
37;Leuc chlo eme opp;Leuc chlo;eme;opp;400;4,6;-3,62;173795,89
38;Leuc tacz eme opp;Leuc tacz;eme;opp;2800;6,4;-7,25;86686,52
39;Loph dela coq tra;Loph dela;coq;tra;2200;2,8;-8,2;223133,32
40;Meta phoe coq ter;Meta phoe;coq;ter;4500;5,4;-12,59;142044,52
41;Meta tyri coq ter;Meta tyri;coq;ter;4200;3,8;-5,15;422575,2
42;Ocre unde bri ter;Ocre unde;bri;ter;4000;3;-2,66;385599,41
43;Orth cris eme opp;Orth cris;eme;opp;500;3;15,7;7736,3
44;Pant insi gem ter;Pant insi;gem;ter;3200;5,7;9,58;8271,57
45;Phae bour her tra;Phae bour;her;tra;1600;4,3;-0,34;2982755,21
46;Phae hisp her tra;Phae hisp;her;tra;1200;5;-5,41;4008483,06
47;Phae koep her tra;Phae koep;her;tra;1130;5;-10,14;112547,48
48;Phae pret her tra;Phae pret;her;tra;2100;5,6;-16,56;3736605,66
49;Phae stri her tra;Phae stri;her;tra;1600;3;10,6;764879,78
50;Phae subo her tra;Phae subo;her;tra;800;3,8;-16,96;338446,17
51;Phae supe her tra;Phae supe;her;tra;700;6,3;0,35;2562623,83
52;Phae yaru her tra;Phae yaru;her;tra;2000;5,4;2,89;119931,58
53;Poly guai man opp;Poly guai;man;opp;600;5,2;-9,69;4835885,75
54;Sapp spar coq ter;Sapp spar;coq;ter;4000;5,3;-26,26;409731,95
55;Schi geof man opp;Schi geof;man;opp;2500;3,6;-4,42;546183,79
56;Sela rufu bee ter;Sela rufu;bee;ter;2260;3,5;51,14;1526769,21
57;Sela torr bee opp;Sela torr;bee;opp;3500;2,7;9,45;4598,21
58;Thal furc eme opp;Thal furc;eme;opp;1800;4,2;-8,85;11225568,61
59;Thau cora bee ter;Thau cora;bee;ter;2800;1,9;-11,99;172105,92
60;Thre leuc her tra;Thre leuc;her;tra;850;5,6;-3,31;5242776,84
61;Thre ruck her tra;Thre ruck;her;tra;1200;5,2;8,09;482644,97
62;Uros benj bri opp;Uros benj;bri;opp;1600;3,9;2,65;17377,94
63;Agla king coq opp;Agla king;coq;opp;3000;4,8;-2,03;267748,93
64;Amaz cyan eme opp;Amaz cyan;eme;opp;2400;5,1;16,4;304040,65
65;Amaz sauc eme ter;Amaz sauc;eme;ter;2000;4,5;8,68;245059,3
66;Call evel bee ter;Call evel;bee;ter;500;2,4;24,57;12175,66
67;Caly anna bee ter;Caly anna;bee;ter;1800;4,2;37,61;493015,73
68;Chal buff eme opp;Chal buff;eme;opp;2000;6,8;8,2;503108,33
69;Chal stan coq ter;Chal stan;coq;ter;4500;5,8;-10,13;120440,27
70;Chlo aure eme opp;Chlo aure;eme;opp;3500;2,6;19,6;206600,43
71;Chlo nota eme ter;Chlo nota;eme;ter;500;4,2;-1,6;4700543,44
72;Coli cyan man opp;Coli cyan;man;opp;3300;5,9;6,27;788433,25
73;Euph exim eme opp;Euph exim;eme;opp;2500;4,3;14,76;174512,43
74;Goet bell eme opp;Goet bell;eme;opp;1500;3,4;7,76;1893,25
75;Heli aure bri tra;Heli aure;bri;tra;1400;6,4;-5,02;3600288,83
76;Heli long gem opp;Heli long;gem;opp;1500;6,6;-2,32;8290213,63
77;Lafr lafr bri ter;Lafr lafr;bri;ter;3600;5,3;-3,12;312941,28
78;Phae phil her tra;Phae phil;her;tra;325;5;-7,46;1596505,84
79;Pter cyan bri opp;Pter cyan;bri;opp;3700;9,3;-5,4;232571,39
80;Thal colo eme ter;Thal colo;eme;ter;2000;4,5;8,41;601646,16
